feature_name,vocab_index
performance,302
design,111
environment,145
experiment,156
time,440
analyzes,14
study,419
detection,113
health,197
platform,311
accuracy,1
paper,293
app,18
order,288
number,282
features,164
algorithm,12
tool,444
technology,430
prediction,318
information,212
structure,418
framework,174
computing,84
technique,429
machine_learning,245
company,79
research,359
software,405
representation,357
training,449
space,407
application,19
challenge,58
development,115
function,176
network,277
service,394
image,204
project,332
